,Age,LRDU Rate,pLocal,pRegional,pDistant,LocalU,RegionalU,DistantU
37,57,5.487884021005063,0.0689655333711285,0.310770517476551,0.6202639491523203,0.3784748485875075,1.7054725570590388,3.4039366153585155
38,58,92.27057123937256,0.0641609697809749,0.3044798737077115,0.6313591565113135,5.920169332962674,28.094531877902554,58.25587002850732
39,59,299.6245782543107,0.0768417019792825,0.3080719366101846,0.6150863614105329,23.023662547885948,92.3059240788153,184.29499162760942
40,60,534.1674469609941,0.0678868836378844,0.2928452622621465,0.6392678540999691,36.26296331498679,156.42840609719354,341.47607754881375
41,61,570.2529088672401,0.063396009366436,0.3157056116769224,0.6208983789566415,36.151758751784925,180.03204340447633,354.06910671097876
42,62,532.0796034112219,0.0638361117534071,0.3081947933526937,0.6279690948938993,33.965893025067295,163.98416342050473,334.1295469656499
