,Age,LRDU Rate,pLocal,pRegional,pDistant,LocalU,RegionalU,DistantU
37,57,10.866701323905007,0.0689655333711285,0.310770517476551,0.6202639491523203,0.749427852787857,3.3770503936930805,6.740223077424067
38,58,41.149986510890486,0.0641609697809749,0.3044798737077115,0.6313591565113135,2.640223041012769,12.529342695909968,25.980420773967744
39,59,106.20526006029928,0.0768417019792825,0.3080719366101846,0.6150863614105329,8.160992942185713,32.718860144964694,65.32540697314887
40,60,167.75639173968045,0.0678868836378844,0.2928452622621465,0.6392678540999691,11.388458645543038,49.12666453515811,107.24126855897931
41,61,148.07102527876586,0.063396009366436,0.3157056116769224,0.6208983789566415,9.387112105470422,46.74685360726181,91.9370595660336
